1,Wild,4-210-047-3040,13983846979,Anthony_Wild3558@vetan.org,4061334,8,2/25/1991,31,1,1,2,3
2,Grant,4-572-684-3044,15173416594,Ally_Grant9649@yahoo.com,362471461,1,12/18/1984,38,0,1,2,3
3,Needham,0-744-853-0080,15162474302,Oliver_Needham4435@jiman.org,731342701,1,6/19/1965,57,0,1,2,3
4,Reid,7-775-780-4618,13967913818,Eduardo_Reid3451@sveldo.biz,205031016,4,9/27/2009,13,2,3,2,1
5,Benfield,7-824-848-2862,15130190345,Chelsea_Benfield1401@bungar.biz,387584472,1,4/9/1962,60,2,2,1,3
6,Rixon,6-050-016-5168,13117921529,Stella_Rixon3672@deons.tech,681542173,4,5/8/1983,39,2,2,1,3
7,Ward,7-425-573-1680,13546582866,Liliana_Ward7457@qater.org,5004164,4,5/28/1965,57,3,2,1,3
8,Cassidy,7-575-134-3686,13924351395,Cecilia_Cassidy5856@bauros.biz,584642644,3,10/16/2013,9,1,2,1,3
9,Drew,4-150-304-4576,15141080594,Manuel_Drew4937@ovock.tech,458466687,6,8/8/1988,34,2,3,1,2
10,Michael,7-165-013-1516,13760777966,Julian_Michael5657@vetan.org,433171721,1,6/3/1982,40,3,3,1,2
11,Long,7-163-324-7223,13791366644,Rosalee_Long7270@kideod.biz,565550387,1,2/16/1973,49,2,1,2,3
12,Quinn,7-671-637-0677,13974666501,Bryon_Quinn9991@kideod.biz,848765015,4,7/13/1975,47,2,3,1,2
13,Osmond,2-351-661-4443,13156868461,Johnny_Osmond137@twace.org,83548676,7,2/27/2003,19,3,1,2,3
14,Garner,8-221-488-8463,13721653687,Susan_Garner46@sheye.org,118366102,7,8/24/1990,32,2,2,1,3
15,Dale,2-273-051-2681,15136617150,Marla_Dale3288@naiker.biz,206130724,5,5/22/1950,72,0,2,1,3
16,Roth,6-436-608-3508,13512779113,Michelle_Roth6470@bungar.biz,370026713,7,6/28/1995,27,2,1,2,3
17,Eagle,6-426-814-0552,13599940805,Liam_Eagle4575@grannar.com,124400730,3,1/31/1963,59,1,1,2,3
18,Shields,8-538-522-3174,13573147390,Meredith_Shields9736@bulaffy.com,736702458,6,10/4/1972,50,0,3,1,2
19,Tailor,0-145-035-5780,15124357176,Carolyn_Tailor9807@liret.org,573312052,7,10/9/1976,46,0,2,1,3
20,Stevens,0-678-216-2605,13969021452,Mark_Stevens9862@hourpy.biz,572615168,5,6/14/1993,29,0,1,2,3
21,Kelly,1-081-656-7086,13727717831,Madison_Kelly5221@ovock.tech,777716155,2,4/27/1951,71,2,3,2,1
22,Talbot,8-675-165-7233,13762352152,Michael_Talbot5462@hourpy.biz,550843384,4,10/9/1962,60,0,1,2,3
23,Leigh,7-531-567-5416,15164843949,Logan_Leigh5469@sheye.org,528776482,3,3/2/1955,67,1,2,1,3
24,Cavanagh,1-646-831-4383,13159259450,Chadwick_Cavanagh6472@elnee.tech,487071881,1,3/10/2007,15,2,3,1,2
25,Larkin,3-245-023-5080,15183478681,Manuel_Larkin5329@liret.org,653420471,4,12/27/1985,37,1,1,2,3
26,Yates,1-600-831-7816,13965412806,Ron_Yates8249@nanoff.biz,837183102,1,3/3/1954,68,2,2,1,3
27,Hudson,3-885-622-7541,13926657399,Isabella_Hudson3169@atink.com,247517840,6,1/16/1974,48,1,3,1,2
28,Poulton,7-114-055-8117,13764500667,Gabriel_Poulton9111@eirey.tech,127764175,5,6/7/1956,66,1,3,1,2
29,Preston,5-122-305-4121,13932718352,Domenic_Preston4762@infotech44.tech,5067550,4,10/8/1965,57,0,1,2,3
30,Crawley,7-244-302-7427,13515648870,Brooklyn_Crawley8084@sveldo.biz,428164878,3,3/28/1973,49,0,3,1,2
31,Hopkins,6-700-541-3421,15138525362,Marvin_Hopkins7654@corti.com,435163664,1,8/29/1977,45,2,2,1,3
32,Shaw,6-167-358-1002,13727637695,Bob_Shaw1138@liret.org,725451327,4,1/21/2019,3,2,1,2,3
33,Garcia,4-261-530-1774,13516307247,Noah_Garcia6533@nanoff.biz,233606310,1,9/5/2001,21,2,2,1,3
34,Walker,4-614-835-3380,13567686015,Rufus_Walker6840@fuliss.net,682234606,2,2/1/1990,32,1,2,1,3
35,Villiger,1-612-271-5503,15134346889,Rocco_Villiger8289@acrit.org,25530505,2,8/9/2009,13,1,1,2,3
36,Hope,0-713-031-1151,13745156142,Bernadette_Hope9487@bulaffy.com,558053411,3,1/28/2013,9,3,3,1,2
37,Clarkson,7-406-614-5524,13721320602,Raquel_Clarkson5119@womeona.net,886127642,2,4/2/1967,55,1,2,1,3
38,Mcnally,1-565-228-3236,15163153650,Amelia_Mcnally9714@bulaffy.com,300786,5,12/24/2005,17,0,3,1,2
39,Ashley,1-816-127-5665,13757869278,Stephanie_Ashley5252@guentu.biz,306285148,5,9/3/1967,55,1,1,2,3
40,Stone,8-386-317-1135,13940522446,Carla_Stone180@mafthy.com,832864721,8,3/16/1962,60,0,2,1,3
41,Smith,3-348-261-5535,13769210009,Nick_Smith9687@irrepsy.com,830306624,4,2/27/2015,7,1,1,2,3
42,Ellis,1-214-305-4024,13983011860,Alexander_Ellis7614@jiman.org,468183633,5,5/2/1964,58,2,1,2,3
43,Selby,1-408-332-3450,13121143095,Samara_Selby8087@qater.org,113733534,5,6/23/1966,56,2,3,2,1
44,Cowan,8-105-270-1141,15168918732,Morgan_Cowan1884@jiman.org,106232276,4,10/5/1952,70,3,2,1,3
45,Thomas,8-146-561-0640,13183993522,Ema_Thomas7402@iatim.tech,287346475,7,10/28/1973,49,1,1,2,3
46,Egerton,8-625-040-0876,13781301098,Manuel_Egerton3884@naiker.biz,838785767,1,9/27/2004,18,2,2,1,3
47,Vass,6-777-668-5167,13735798174,Barney_Vass7540@liret.org,131023002,8,4/26/2007,15,2,1,2,3
48,Tobin,3-038-752-8056,13936722743,Sofia_Tobin9241@twipet.com,816071884,1,3/1/1990,32,2,3,2,1
49,James,8-126-713-0150,13543584906,Adelaide_James718@hourpy.biz,321702017,2,12/20/1956,66,3,1,2,3
50,Vaughan,8-232-714-4705,15129314761,Gemma_Vaughan595@joiniaa.com,514578487,3,3/9/1981,41,1,2,1,3
51,Skinner,8-541-401-4611,13579282715,Martha_Skinner6847@supunk.biz,584865227,4,4/4/2013,9,2,1,2,3
52,York,2-583-561-2384,13186310066,Cherish_York1528@ovock.tech,406281887,6,6/2/1957,65,2,1,2,3
53,Potter,2-713-304-3418,13989780779,Marina_Potter6183@corti.com,500881550,3,9/30/2007,15,1,2,1,3
54,Weasley,6-366-645-1581,13985565591,Carl_Weasley2242@twipet.com,325431470,8,2/27/1979,43,0,1,2,3
55,Gordon,6-883-383-5674,13122289789,Marigold_Gordon550@nickia.com,647788175,2,1/30/1961,61,3,1,2,3
56,Lee,4-186-550-7031,13991733764,Alan_Lee7596@eirey.tech,531216555,4,11/18/1977,45,0,1,2,3
57,Waterhouse,4-876-157-8085,13138037369,Cherish_Waterhouse1825@iatim.tech,546326308,4,5/1/1959,63,1,3,2,1
58,Hunt,3-613-614-7174,13934939249,Abdul_Hunt4378@corti.com,256762444,4,12/26/1983,39,0,1,2,3
59,Chapman,4-325-345-5514,13996330770,Aisha_Chapman6886@ubusive.com,820438661,2,1/24/1990,32,0,3,1,2
60,Thomas,1-251-772-0061,13733381952,Dorothy_Thomas9317@sheye.org,480287313,7,10/2/1955,67,0,3,2,1
61,Mullins,6-800-623-3507,15134243454,Thea_Mullins7868@mafthy.com,873073342,7,1/15/1966,56,3,2,1,3
62,Hunter,8-807-516-2848,13119372042,Rocco_Hunter256@acrit.org,281152774,6,11/27/2007,15,0,3,1,2
63,Wilson,2-122-462-2645,15162499763,Hannah_Wilson3600@ubusive.com,55166237,8,1/2/1984,38,2,1,2,3
64,Page,5-674-661-2806,13598793975,Joy_Page1904@cispeto.com,782760336,5,7/1/1974,48,0,3,1,2
65,Morgan,5-266-138-6064,13948770224,Ethan_Morgan3284@dionrab.com,678401201,5,1/30/1981,41,3,3,2,1
66,Rothwell,4-645-338-7243,13762210166,Caleb_Rothwell9772@womeona.net,256043840,4,4/8/1988,34,2,3,1,2
67,Anderson,5-152-461-0320,13786657184,Davina_Anderson8630@dionrab.com,417071767,6,2/1/1994,28,0,2,1,3
68,Fleming,7-883-812-4077,13145470365,Erick_Fleming1240@iatim.tech,221414527,5,9/2/1986,36,3,1,2,3
69,Cowan,7-586-307-6531,13937314117,Jacob_Cowan6333@brety.org,880722444,8,4/25/2003,19,3,2,1,3
70,Devonport,4-318-301-3537,15176799224,Peter_Devonport3021@bungar.biz,48356186,2,2/17/1958,64,1,1,2,3
71,Simpson,2-362-214-7045,15111213460,Peyton_Simpson9148@gembat.biz,770383222,3,11/4/1997,25,3,1,2,3
72,Collis,0-078-385-4782,13198769669,Chuck_Collis4890@eirey.tech,244247370,1,11/24/2015,7,3,2,1,3
73,Casey,8-315-433-3100,13913540370,Luke_Casey9694@sheye.org,85503316,6,9/20/1957,65,0,2,1,3
74,Michael,5-355-108-7432,13776052474,Harvey_Michael3087@deons.tech,740111206,4,10/20/1963,59,0,3,1,2
75,Michael,4-154-122-7354,13170299802,Julius_Michael8842@vetan.org,361356174,8,9/5/2020,2,1,2,1,3
76,Harris,4-044-457-6046,13790132457,Natalie_Harris3242@deavo.com,728763532,8,12/12/1959,63,1,1,2,3
77,Stewart,0-777-154-2828,15116868214,Chris_Stewart5252@mafthy.com,526603617,5,5/23/1954,68,3,2,1,3
78,Purvis,5-426-065-1781,13961122165,Ryan_Purvis5514@typill.biz,64433231,6,6/29/1978,44,0,1,2,3
79,Rodgers,0-117-375-8222,13136318742,Dani_Rodgers3209@deavo.com,255015452,6,8/11/1980,42,1,3,2,1
80,Simpson,4-848-553-1603,13960098733,Fred_Simpson3692@vetan.org,803774183,8,8/15/1960,62,1,1,2,3
81,Lee,0-028-105-0114,13989931072,Carina_Lee4350@nickia.com,718826160,1,9/2/1970,52,2,3,1,2
82,Simmons,8-511-347-5830,13942558789,Percy_Simmons7293@atink.com,244354287,5,5/18/1984,38,1,3,2,1
83,Harris,0-678-766-2722,13990280285,Joseph_Harris111@nanoff.biz,547824313,3,11/1/1959,63,2,2,1,3
84,Andrews,4-043-423-1273,13921225008,Elise_Andrews6233@liret.org,528170475,2,11/26/2000,22,3,3,2,1
85,Savage,0-853-784-6478,13724526367,Nicholas_Savage5944@gmail.com,143072630,1,2/9/1964,58,0,3,1,2
86,Truscott,5-878-862-6607,13937766006,Angelina_Truscott7238@corti.com,672526521,1,6/2/1974,48,0,3,1,2
87,Allcott,5-840-760-2833,15133355742,Hayden_Allcott3935@sheye.org,348367822,1,4/12/1981,41,2,2,1,3
88,Atkinson,5-126-356-8034,13194382941,Beatrice_Atkinson2634@hourpy.biz,347637818,4,6/23/1990,32,1,1,2,3
89,Wise,4-671-366-8118,13758117577,Ramon_Wise111@nimogy.biz,410871387,8,8/23/1979,43,3,3,1,2
90,Mills,8-540-252-5355,13926799449,Tyson_Mills2936@acrit.org,884102528,5,3/4/1998,24,0,2,1,3
91,Turner,3-626-333-6563,13548605370,Julius_Turner9313@infotech44.tech,14262408,2,4/14/1957,65,1,2,1,3
92,Middleton,8-300-467-3724,13139202889,Sebastian_Middleton2588@nimogy.biz,711865875,7,8/22/1954,68,1,1,2,3
93,Knight,1-687-508-5387,13733436191,Matthew_Knight6798@vetan.org,588284636,7,6/25/1964,58,2,3,1,2
94,Morrow,2-653-537-1433,13170699707,Fred_Morrow9001@deons.tech,756285562,5,10/2/2017,5,0,2,1,3
95,Forth,7-187-403-6326,13137540551,Lucy_Forth3890@nickia.com,375804422,5,8/29/1987,35,3,1,2,3
96,Dobson,0-712-151-1550,13933759301,Violet_Dobson5465@grannar.com,845184517,3,5/24/1968,54,2,3,1,2
97,Mitchell,6-558-108-4287,13711299537,Melanie_Mitchell3958@bauros.biz,281823258,1,4/12/2020,2,2,3,1,2
98,Nash,1-318-023-3060,15176417201,Hank_Nash628@mafthy.com,468274447,4,5/9/1962,60,2,2,1,3
99,Smith,0-444-862-8637,13162536960,Tess_Smith1193@mafthy.com,351642607,1,7/18/1985,37,0,3,1,2
100,Greenwood,2-247-078-3773,13590505485,Noah_Greenwood1858@extex.org,417013151,8,4/21/1998,24,3,1,2,3
101,Patel,3-846-662-0641,13924540434,Percy_Patel1430@naiker.biz,176263244,5,9/14/1961,61,3,3,2,1
102,Middleton,0-505-024-4471,13972931533,Javier_Middleton5767@typill.biz,673245037,2,2/15/1957,65,3,3,1,2
103,Williams,6-155-526-0736,13186757471,Noah_Williams1509@cispeto.com,421615285,2,7/26/2014,8,3,1,2,3
104,Robertson,2-753-407-3336,13944102830,Lillian_Robertson3987@extex.org,886475101,2,8/14/1960,62,0,3,2,1
105,Todd,8-071-617-1143,15110704722,Bryon_Todd8620@famism.biz,50165417,5,4/19/2012,10,1,3,1,2
106,Blackburn,1-685-166-7164,13928052445,Marvin_Blackburn2883@atink.com,518167068,7,12/18/1971,51,0,1,2,3
107,Dillon,7-065-078-2558,15121578760,Jacob_Dillon4614@womeona.net,17638724,3,6/10/2002,20,1,3,1,2
108,Whinter,0-711-852-3588,13532613143,Harvey_Whinter1484@ovock.tech,353070584,4,9/8/1965,57,1,1,2,3
109,Forth,3-571-083-7307,13181743339,George_Forth3410@bulaffy.com,332032367,1,2/7/1963,59,2,1,2,3
110,Scott,4-114-243-3312,13950525518,Alison_Scott7568@dionrab.com,711085350,6,5/13/2009,13,2,3,1,2
111,Upton,5-661-847-8871,13584141916,Harry_Upton6735@twipet.com,626347653,2,5/5/1985,37,2,3,2,1
112,Vane,8-561-718-5481,13192818693,Matthew_Vane195@corti.com,838031035,2,12/20/2008,14,3,3,1,2
113,Mackenzie,7-526-072-3866,13733911926,Benjamin_Mackenzie3370@grannar.com,852042268,7,6/7/1997,25,0,3,1,2
114,Giles,3-004-644-1712,13952500117,Emery_Giles1657@bretoux.com,877135430,2,3/19/2013,9,1,3,1,2
115,Townend,3-821-164-3758,13786266004,Ruby_Townend6087@nimogy.biz,483818865,7,8/10/2013,9,1,1,2,3
116,Carpenter,7-636-744-8777,13157777892,Johnny_Carpenter8085@zorer.org,613064416,1,6/22/2001,21,3,3,1,2
117,Rogan,8-068-580-0268,15177988569,Gladys_Rogan8052@nimogy.biz,67108425,6,10/27/1976,46,0,3,2,1
118,Shaw,5-042-752-7603,13773530500,Chuck_Shaw5272@sheye.org,216081815,1,1/28/1953,69,2,1,2,3
119,Ballard,1-724-084-0684,15165280223,Julius_Ballard5796@bauros.biz,568508823,7,7/15/2015,7,3,3,2,1
120,Kennedy,6-723-401-5452,15196756825,Hank_Kennedy652@liret.org,677141350,2,5/3/1959,63,3,3,2,1
121,Callan,5-444-811-5783,13168047996,Chadwick_Callan8768@sheye.org,458775406,1,11/8/1983,39,2,2,1,3
122,Wright,5-648-431-6623,13175908713,Rosalee_Wright7329@bungar.biz,233547707,1,5/19/1956,66,1,3,1,2
123,Robinson,5-661-106-0780,13751957465,Jack_Robinson3500@elnee.tech,30247767,6,4/22/1968,54,3,1,2,3
124,Long,8-462-500-0154,13571533971,Victoria_Long7460@ubusive.com,16724126,6,4/20/1954,68,2,2,1,3
125,Rothwell,4-183-320-6153,15175702363,Tom_Rothwell328@sheye.org,576208824,8,3/6/2011,11,1,1,2,3
126,Coates,8-043-811-5857,13123637623,Lucas_Coates3656@gmail.com,301736522,7,4/9/1990,32,0,3,1,2
127,Sheldon,5-877-372-0318,13118723723,Celina_Sheldon5522@nickia.com,55663522,3,6/12/2010,12,3,1,2,3
128,Reading,3-571-385-5638,13559115409,Regina_Reading9726@iatim.tech,577714162,3,5/12/1971,51,0,2,1,3
129,Cobb,4-705-888-8712,13110794005,Marie_Cobb6803@guentu.biz,565114718,5,4/29/1967,55,2,1,2,3
130,Jarrett,1-310-071-0676,13538392315,Nicholas_Jarrett7287@atink.com,127751383,6,2/18/2005,17,3,3,2,1
131,Hill,3-757-516-5246,13753452948,Dani_Hill641@irrepsy.com,736051424,6,8/7/1957,65,2,3,2,1
132,Poulton,8-744-182-0617,13933328203,Josh_Poulton872@famism.biz,237323883,6,11/5/2010,12,2,1,2,3
133,Brock,4-200-864-2180,13739387492,Chad_Brock701@sveldo.biz,554733340,4,2/10/1951,71,0,1,2,3
134,Cork,4-553-787-7344,13974733153,Logan_Cork7404@nimogy.biz,328441402,1,3/7/1971,51,0,2,1,3
135,Dempsey,4-555-267-4524,13943661156,Angelina_Dempsey6013@ubusive.com,604365820,1,1/22/2004,18,3,3,2,1
136,Salt,1-516-206-7666,13773412356,Chester_Salt9734@muall.tech,207148248,3,8/7/1963,59,2,2,1,3
137,Brooks,2-550-653-0138,13595368173,Celia_Brooks9195@tonsy.org,836852618,8,2/5/1986,36,1,1,2,3
138,Sheldon,7-266-840-2358,13771744567,Harvey_Sheldon805@acrit.org,868145382,3,7/8/1981,41,2,2,1,3
139,Collis,6-258-662-5654,13744746248,Miriam_Collis259@dionrab.com,81804256,4,2/27/2020,2,2,1,2,3
140,Myatt,6-804-456-8471,13985198066,Wade_Myatt7770@extex.org,630384241,1,3/1/1959,63,0,1,2,3
141,Lloyd,8-167-155-7766,13539788890,Luke_Lloyd5101@womeona.net,678547646,3,6/24/2008,14,0,1,2,3
142,Moore,6-425-813-4875,13994491317,Hayden_Moore7611@corti.com,256610286,4,1/24/1968,54,2,1,2,3
143,Emerson,0-330-054-2787,13777092564,Aiden_Emerson9103@ubusive.com,134011754,5,12/2/1964,58,1,2,1,3
144,Riley,5-172-454-3310,15160409291,Lana_Riley3612@gembat.biz,767013368,8,12/6/1999,23,1,2,1,3
145,Mccall,3-840-484-0247,13578988830,Harry_Mccall9271@irrepsy.com,603876283,7,11/30/1962,60,1,1,2,3
146,Whitehouse,7-868-284-8145,15132458328,Joseph_Whitehouse7796@cispeto.com,742784003,7,9/29/1980,42,1,1,2,3
147,Uttridge,6-111-022-5111,15144634275,Christine_Uttridge4980@elnee.tech,5347632,4,9/21/1959,63,2,3,2,1
148,Neville,2-524-136-2326,13981903808,Scarlett_Neville1727@irrepsy.com,108137456,2,11/7/1981,41,3,1,2,3
149,Donnelly,6-706-101-3342,15156766593,Bart_Donnelly9543@gembat.biz,531853266,2,6/15/1952,70,2,2,1,3
150,Reese,0-363-705-1325,13120807896,Angela_Reese9664@nanoff.biz,360528277,1,3/10/1967,55,0,3,2,1
151,Goldsmith,6-283-678-3421,13915435793,Danny_Goldsmith8252@extex.org,352822351,7,12/7/1995,27,3,3,1,2
152,Owen,2-260-557-0145,15146174345,Ramon_Owen1689@gembat.biz,800802226,7,2/25/1986,36,0,2,1,3
153,Newton,3-158-662-0352,15111356143,Cristal_Newton1101@jiman.org,216325763,6,12/26/1968,54,1,2,1,3
154,Brennan,5-365-071-2721,15164376839,Tony_Brennan5080@muall.tech,383276133,2,3/28/1977,45,2,1,2,3
155,Lloyd,6-384-743-1726,13194517080,Brooklyn_Lloyd4879@supunk.biz,824460382,5,3/26/1975,47,2,3,1,2
156,Ingram,7-517-378-5646,15197623961,Bristol_Ingram986@kideod.biz,718325456,5,4/6/1953,69,2,3,1,2
157,Wellington,3-718-761-5762,13954825823,Gladys_Wellington7745@bretoux.com,45420168,5,4/18/2006,16,3,2,1,3
158,Rixon,4-530-457-6586,13991255518,John_Rixon9331@deavo.com,106880363,7,4/7/1967,55,3,1,2,3
159,Simpson,3-568-066-0416,13563412501,Sara_Simpson3468@iatim.tech,286857586,3,10/12/1981,41,2,2,1,3
160,Watson,8-305-715-4747,13528391375,Johnathan_Watson2213@jiman.org,408026763,7,2/7/1979,43,3,3,2,1
161,Nanton,7-510-777-5634,13515850979,Ronald_Nanton7915@gompie.com,554385076,7,10/24/1972,50,3,1,2,3
162,Gilbert,7-557-544-7685,13189641035,Gina_Gilbert4766@nimogy.biz,158364218,1,2/23/2000,22,0,3,1,2
163,Rosenbloom,7-164-876-6416,13762815365,Chris_Rosenbloom8466@sheye.org,808477003,5,12/26/1968,54,1,1,2,3
164,Seymour,1-352-718-8363,13527706200,Aisha_Seymour6090@liret.org,353652784,7,5/26/1984,38,3,2,1,3
165,Murphy,1-205-738-7280,13599404299,Matt_Murphy6621@typill.biz,302063264,8,11/6/2016,6,2,2,1,3
166,Greenwood,1-023-686-3653,13526998433,Mabel_Greenwood4568@atink.com,110621474,3,12/4/1986,36,0,3,2,1
167,Rowlands,6-212-203-4515,13754332786,Mona_Rowlands3861@nickia.com,667023236,7,8/23/2018,4,2,3,2,1
168,Graves,0-164-851-8400,15175736259,Nathan_Graves1337@iatim.tech,735127415,4,6/3/1985,37,0,1,2,3
169,Bullock,6-862-417-8012,13935437837,Isabel_Bullock879@kideod.biz,557080756,4,6/5/1990,32,3,1,2,3
170,Thatcher,5-234-152-2807,13166170991,Matt_Thatcher5905@gmail.com,283214366,4,3/9/1953,69,0,1,2,3
171,Waterson,1-321-743-6676,13174881081,Abdul_Waterson5368@kideod.biz,18821121,6,4/29/2010,12,3,3,1,2
172,Robertson,3-735-765-2767,13551141567,Marvin_Robertson6410@bauros.biz,323886044,1,10/26/1979,43,2,1,2,3
173,Gray,6-841-258-0134,13725166965,Mike_Gray2532@ubusive.com,536147327,7,6/21/1973,49,3,2,1,3
174,Daniells,3-401-546-8526,13953292731,Tyson_Daniells2546@cispeto.com,154411474,4,1/13/2014,8,3,2,1,3
175,Whitmore,4-030-364-5453,13522931635,Vanessa_Whitmore6301@atink.com,530567382,7,11/16/1990,32,3,3,1,2
176,Oldfield,0-817-507-4331,13145414443,Benny_Oldfield1418@nimogy.biz,864605652,7,10/23/1989,33,0,2,1,3
177,Farrow,1-163-063-3481,13971454792,Joseph_Farrow4478@brety.org,272045755,3,4/3/1979,43,2,2,1,3
178,Furnell,3-511-628-3710,15143992986,Winnie_Furnell3617@vetan.org,154474558,8,2/21/1984,38,3,1,2,3
179,Pratt,1-287-071-2323,13731713729,Joseph_Pratt7457@eirey.tech,341646528,8,9/13/1992,30,1,2,1,3
180,Hilton,5-174-015-0263,13916361948,Javier_Hilton2494@nanoff.biz,672377412,8,5/17/2008,14,1,2,1,3
181,Hammond,3-631-581-1278,15175973315,Gil_Hammond3782@dionrab.com,180643841,1,1/26/1987,35,0,3,1,2
182,Clayton,3-550-081-7233,15175653988,Liliana_Clayton4486@eirey.tech,838087621,7,1/3/2000,22,0,2,1,3
183,Furnell,8-438-475-1567,13710153435,Sebastian_Furnell2349@iatim.tech,76434327,2,10/29/2007,15,3,1,2,3
184,Oakley,6-428-250-7473,15159433614,Sloane_Oakley9664@bretoux.com,807816515,3,1/22/1973,49,2,3,2,1
185,Hepburn,8-711-313-3520,15198071081,Andie_Hepburn3416@bungar.biz,752408842,5,2/13/1988,34,2,3,1,2
186,Clarke,1-717-458-1451,13953376868,Susan_Clarke6328@brety.org,750646218,3,9/8/1990,32,3,3,2,1
187,Edwards,3-700-137-3038,13728719503,Dorothy_Edwards674@extex.org,745440208,1,5/9/1960,62,3,3,2,1
188,Vass,6-578-268-5575,13970577960,Ronald_Vass2426@dionrab.com,22854302,7,7/15/1969,53,2,2,1,3
189,Jobson,0-231-422-4005,13732135010,Sadie_Jobson4441@qater.org,804210874,4,2/18/2001,21,1,3,2,1
190,Summers,3-466-606-6171,13577955861,Aurelia_Summers6045@gembat.biz,433000784,5,12/23/1983,39,3,3,2,1
191,Harris,8-876-655-5026,13740645802,Chester_Harris5426@womeona.net,665576043,3,11/8/2016,6,2,1,2,3
192,Yarlett,0-264-012-6445,15133121128,Tania_Yarlett6996@deavo.com,608803507,7,10/4/1968,54,0,1,2,3
193,Ross,7-137-708-3781,13712857077,Rebecca_Ross9157@cispeto.com,430307147,7,6/1/1966,56,1,1,2,3
194,Lee,7-424-387-1513,13144966484,Gil_Lee7756@extex.org,400485703,4,1/28/1960,62,2,2,1,3
195,Dobson,3-673-785-7880,13189566512,Noah_Dobson7772@bauros.biz,74785314,1,7/30/1969,53,3,1,2,3
196,Denton,5-544-804-0471,15137755899,Courtney_Denton6397@corti.com,385115313,5,8/10/2009,13,2,2,1,3
197,Ralph,8-443-621-0548,13113313209,Denny_Ralph2241@sveldo.biz,864072432,6,8/10/1993,29,1,2,1,3
198,Murray,3-335-580-8711,13530851896,Kate_Murray6263@gembat.biz,27341322,6,1/26/2017,5,2,2,1,3
199,Ashwell,1-202-224-3104,13199008681,Mabel_Ashwell9861@bauros.biz,453845517,8,6/22/1968,54,2,3,2,1
200,Morgan,7-804-105-4317,13138385410,Jaylene_Morgan9717@dionrab.com,558867663,8,8/16/2018,4,0,1,2,3
201,Olson,7-432-437-3778,13193736376,Jayden_Olson1112@nickia.com,178015133,6,4/29/1964,58,3,3,2,1
202,Penn,0-413-520-8526,13179339553,Susan_Penn1423@extex.org,287677877,3,7/18/1978,44,1,2,1,3
203,Neal,1-412-103-4337,15135225965,Wade_Neal8668@bauros.biz,163401552,5,7/9/1951,71,0,1,2,3
204,Patel,8-153-658-5704,13734480591,Jazmin_Patel405@grannar.com,535516322,7,12/6/1961,61,1,3,2,1
205,Steer,2-372-274-4458,13727243520,Iris_Steer4823@supunk.biz,188368133,6,6/5/1968,54,3,1,2,3
206,Gibson,8-050-581-2314,13535277672,Ryan_Gibson5974@cispeto.com,11730014,4,5/8/1996,26,0,2,1,3
207,Shepherd,4-877-205-6017,13731308369,Maddison_Shepherd3492@typill.biz,161474717,4,4/16/2002,20,2,3,2,1
208,Strong,5-078-732-7814,15195155045,Sydney_Strong3121@brety.org,685176525,7,11/19/2001,21,3,1,2,3
209,Rosenbloom,4-107-472-2700,13745342284,Janelle_Rosenbloom7058@extex.org,882145475,6,4/7/2005,17,0,1,2,3
210,Egerton,0-814-076-6553,15174983068,Stephanie_Egerton540@zorer.org,427464440,1,10/23/2009,13,1,1,2,3
211,Emmott,7-432-830-3583,13732512044,Ronald_Emmott317@dionrab.com,713706766,4,9/5/1994,28,2,2,1,3
212,Wheeler,8-336-620-4434,13538530428,Luna_Wheeler7706@typill.biz,225230313,7,4/27/1954,68,3,3,2,1
213,Hopkins,4-328-450-1115,13940650791,Isabella_Hopkins2354@bretoux.com,287003401,4,8/6/1978,44,1,1,2,3
214,Woods,4-754-555-3068,13974865284,Deborah_Woods1646@twipet.com,641607286,7,9/5/1964,58,3,3,1,2
215,Eastwood,3-022-727-4125,13120147788,Jenna_Eastwood4324@ovock.tech,103624581,1,12/16/2003,19,0,1,2,3
216,Rose,2-232-615-5471,13525169211,Boris_Rose5094@liret.org,573122021,2,2/11/1967,55,1,2,1,3
217,Tobin,4-601-742-5626,15157858433,Peter_Tobin9078@deons.tech,222021386,2,11/29/2008,14,3,2,1,3
218,Wilton,1-864-848-4038,15151993267,Ryan_Wilton6862@gembat.biz,524547872,6,10/21/2007,15,3,2,1,3
219,Kent,0-844-307-8224,13176068637,Barry_Kent7338@gembat.biz,505520327,6,2/7/1985,37,2,1,2,3
220,Chester,6-606-783-2037,13529055041,Danny_Chester5251@brety.org,336611551,3,7/1/1983,39,0,1,2,3
221,Sawyer,6-227-312-6713,13561771528,Bob_Sawyer5239@bretoux.com,654185735,5,8/13/1993,29,3,1,2,3
222,Edwards,8-213-780-0123,15186923623,Alexander_Edwards5407@tonsy.org,418231411,6,4/2/1997,25,2,1,2,3
223,Campbell,5-604-303-2748,13590582738,Abbey_Campbell2698@elnee.tech,66676863,1,9/3/1969,53,1,3,2,1
224,Stewart,2-234-231-6303,13190113168,Carmen_Stewart8194@acrit.org,846866336,4,7/29/2004,18,0,1,2,3
225,Potts,8-278-580-8388,13993478286,Harriet_Potts6169@cispeto.com,714546547,6,9/4/1998,24,3,3,2,1
226,Parker,4-202-884-7858,13199991455,Holly_Parker3135@typill.biz,785685644,4,11/4/1987,35,1,3,1,2
227,Wooldridge,6-612-650-6016,13126166363,Caleb_Wooldridge3735@yahoo.com,173753544,3,2/17/2004,18,3,2,1,3
228,Funnell,1-486-572-7378,13548698713,Russel_Funnell8215@twace.org,38732242,8,11/18/2014,8,3,2,1,3
229,Lane,5-152-454-7437,15160589882,Caydence_Lane8754@iatim.tech,37061205,4,12/19/1967,55,3,2,1,3
230,Marshall,7-258-054-0683,13949561406,Bernadette_Marshall3879@guentu.biz,880288235,3,2/12/1990,32,0,3,2,1
231,Selby,0-001-774-7311,13129549117,Danny_Selby145@kideod.biz,732144616,7,7/31/2001,21,1,3,1,2
232,Thorne,3-865-441-3038,15198553779,Angelique_Thorne1588@sveldo.biz,373178022,6,6/3/1954,68,0,2,1,3
233,Addley,5-655-533-7242,15168147696,Harvey_Addley4241@vetan.org,24043563,3,12/7/2015,7,0,1,2,3
234,Sylvester,6-336-371-7345,13757979053,Alessandra_Sylvester4201@eirey.tech,865711640,2,1/27/2018,4,2,3,2,1
235,Wilson,1-265-527-2204,13928198612,Macy_Wilson8341@typill.biz,643528001,3,4/3/1999,23,2,2,1,3
236,Chadwick,2-563-101-4853,13744717579,Aisha_Chadwick5610@extex.org,416150863,5,12/4/1990,32,1,2,1,3
237,Moore,6-730-276-2347,13791751170,Andrea_Moore4468@dionrab.com,71536556,1,7/28/2002,20,3,2,1,3
238,Norton,8-585-240-6453,13121783145,Darlene_Norton1023@iatim.tech,727284206,1,6/6/1980,42,3,2,1,3
239,Olivier,5-775-653-3411,13530023064,Javier_Olivier1267@womeona.net,804180122,7,1/15/2015,7,3,2,1,3
240,Rogers,5-237-608-2257,13593445264,Violet_Rogers6487@deavo.com,352541281,2,11/19/1978,44,0,2,1,3
241,Slater,3-082-712-0711,13181119168,Renee_Slater7053@deavo.com,682027033,3,3/15/1951,71,3,2,1,3
242,Craig,3-775-570-2738,13191765921,Adeline_Craig2013@tonsy.org,555441601,3,1/24/2013,9,0,2,1,3
243,Mitchell,7-124-378-0444,13198410519,Jocelyn_Mitchell9633@liret.org,868314402,4,3/13/1953,69,0,3,1,2
244,Clarke,0-665-157-3587,13760591789,Estrella_Clarke8273@twace.org,874283876,1,4/14/1975,47,0,2,1,3
245,Butler,6-473-554-2460,13199334386,Roger_Butler2932@twipet.com,567376312,3,2/17/1994,28,1,2,1,3
246,Dubois,5-655-552-2363,13568843787,Chadwick_Dubois9680@deons.tech,388702120,5,4/28/2004,18,1,3,2,1
247,Quinton,1-276-084-2287,13589505917,Ronald_Quinton8604@bauros.biz,876157008,1,9/15/1959,63,1,1,2,3
248,Sloan,5-417-675-8552,13553067740,Candice_Sloan7986@jiman.org,62850254,7,9/28/2007,15,0,1,2,3
249,Rixon,4-853-814-7200,13974387932,Emmanuelle_Rixon422@corti.com,485438105,1,3/10/1954,68,2,3,1,2
250,Drake,7-084-806-7247,13723035783,Maria_Drake537@sveldo.biz,562133055,7,7/20/1991,31,0,2,1,3
251,Raven,0-351-224-1701,13597276181,Tony_Raven4329@hourpy.biz,252601856,5,11/24/2000,22,1,3,1,2
252,Kerr,7-353-726-3351,13178218176,Johnathan_Kerr5250@gmail.com,360620345,8,8/31/1992,30,1,3,2,1
253,Kent,7-803-048-4663,13578254830,Juliet_Kent6889@iatim.tech,781345131,5,11/17/1970,52,0,3,1,2
254,Nayler,7-087-862-2536,13521164487,Martha_Nayler1643@grannar.com,207527836,7,5/21/1979,43,0,3,2,1
255,Sherry,7-025-302-4524,13541477467,Aeris_Sherry2672@gembat.biz,574224003,3,9/1/1976,46,1,3,2,1
256,Groves,4-862-585-7853,13729087116,Chester_Groves6859@bauros.biz,748571645,8,3/25/1985,37,3,1,2,3
257,Jennson,2-124-325-8782,13545068507,Matthew_Jennson4286@ubusive.com,305624336,4,4/16/1965,57,3,2,1,3
258,Middleton,4-514-678-2288,13720721995,Anthony_Middleton497@infotech44.tech,377024541,6,2/2/1972,50,1,3,1,2
259,Haines,2-357-104-2226,15138220640,Henry_Haines5749@typill.biz,202847383,6,12/14/1950,72,3,2,1,3
260,Gray,4-614-763-5582,13929209835,Bob_Gray52@vetan.org,775810324,7,2/4/2000,22,3,1,2,3
261,Clarke,1-276-825-6850,13925321580,Sabrina_Clarke9991@acrit.org,148035325,1,10/30/1991,31,1,2,1,3
262,Camden,5-068-251-5075,13715300862,Jolene_Camden6493@gembat.biz,484251711,1,4/18/1984,38,1,3,1,2
263,Mackenzie,2-728-322-8866,13156135279,Sebastian_Mackenzie1418@infotech44.tech,544675751,2,4/8/2011,11,1,2,1,3
264,Wilson,3-306-623-7001,13536980007,Megan_Wilson3928@yahoo.com,702875327,7,10/6/2017,5,2,1,2,3
265,Verdon,4-447-270-6720,13792995971,Manuel_Verdon2736@extex.org,660634787,1,12/31/1976,46,0,1,2,3
266,Keys,6-701-525-8661,13561215194,Carmen_Keys4991@bungar.biz,756763782,4,5/6/1973,49,2,1,2,3
267,Thomson,0-032-212-2100,15164393191,Maxwell_Thomson9109@deavo.com,105772547,8,4/30/1958,64,0,1,2,3
268,Addley,2-750-263-2861,13584500137,Lorraine_Addley1050@atink.com,841226221,3,7/4/2015,7,1,2,1,3
269,Coates,4-247-572-8711,13967696049,Brooklyn_Coates8111@bulaffy.com,767006844,6,12/9/1972,50,3,3,1,2
270,Morrow,0-771-031-6380,13547235728,Stella_Morrow4628@gompie.com,605276177,8,2/4/1963,59,2,3,2,1
271,Pearce,2-347-046-2133,13756438458,Percy_Pearce1636@corti.com,152040778,4,8/31/2015,7,0,1,2,3
272,White,5-532-135-6205,15170206214,Rick_White5669@cispeto.com,246824825,4,10/25/1995,27,3,3,1,2
273,Williams,5-114-313-2414,15179825313,Johnathan_Williams7988@vetan.org,434055340,8,7/15/1954,68,3,1,2,3
274,Nash,7-811-283-0852,15127673009,Chris_Nash1513@deons.tech,544505050,3,2/5/2009,13,2,1,2,3
275,Spencer,7-563-662-7516,13742372582,Chuck_Spencer1387@gembat.biz,772836178,8,5/27/1960,62,2,1,2,3
276,Wheeler,0-521-241-1705,15191622392,Julian_Wheeler5471@twace.org,811520376,1,8/16/1969,53,2,3,2,1
277,Vallins,2-557-828-4508,13110321805,Daron_Vallins2425@bauros.biz,876572262,4,5/18/1993,29,1,2,1,3
278,Burge,7-576-048-3586,15171133623,Amelia_Burge7200@bungar.biz,687774884,5,6/18/2006,16,2,1,2,3
279,Ingram,1-543-714-7077,15145934208,Leanne_Ingram6944@nanoff.biz,75640031,7,11/30/1973,49,1,1,2,3
280,Ashley,8-480-777-0413,13739973930,Angelique_Ashley8020@brety.org,135603266,5,11/18/1992,30,1,3,1,2
281,Watson,0-285-665-0171,13532099110,Monica_Watson2541@joiniaa.com,143617138,4,4/29/1969,53,2,3,1,2
282,Walter,4-143-746-3748,13120725923,Mackenzie_Walter4142@naiker.biz,576210852,2,10/2/2015,7,0,1,2,3
283,Myatt,0-375-748-3311,13970308465,Ryan_Myatt5888@deons.tech,684276343,3,3/20/1954,68,3,1,2,3
284,Potter,3-762-030-6738,13782800892,Rufus_Potter4688@tonsy.org,285081131,1,4/9/1965,57,0,1,2,3
285,Tobin,5-025-728-1857,13510486925,Gabriel_Tobin1303@deavo.com,106673652,1,2/25/2011,11,1,1,2,3
286,Drake,1-325-213-3248,13788386622,Chanelle_Drake3809@tonsy.org,525403736,3,6/3/2005,17,0,3,1,2
287,Jenkins,7-875-635-8808,15126419808,Maggie_Jenkins4348@vetan.org,4023285,6,11/10/1981,41,0,1,2,3
288,Neal,3-430-422-7101,13556429529,Kieth_Neal9683@vetan.org,851568342,8,3/25/1998,24,0,1,2,3
289,Ballard,5-305-546-2148,15140090577,Evie_Ballard5889@bauros.biz,600250874,7,5/19/1961,61,0,3,2,1
290,Bloom,2-742-643-6370,13520098469,Liam_Bloom3156@deavo.com,242062330,2,3/23/1972,50,3,2,1,3
291,Dowson,1-781-728-1601,13972270954,Tyson_Dowson1600@joiniaa.com,604280526,2,12/11/1959,63,3,1,2,3
292,Simpson,6-558-181-1044,13748417886,Oliver_Simpson1767@ubusive.com,57646511,1,12/18/2011,11,1,2,1,3
293,Wilcox,8-052-836-5611,15121305218,Marilyn_Wilcox902@tonsy.org,862846560,6,6/19/1965,57,0,2,1,3
294,Bradley,0-727-457-6651,15120997081,Jaylene_Bradley1761@vetan.org,686730511,1,11/5/1986,36,2,2,1,3
295,Pope,1-702-340-0507,13554378983,Caleb_Pope1058@sveldo.biz,486446045,4,9/1/1965,57,2,1,2,3
296,Nielson,5-152-108-6408,13565143796,Josh_Nielson2613@womeona.net,115008774,7,6/7/1965,57,1,3,1,2
297,Victor,2-825-353-2738,13910377299,Darlene_Victor8214@deons.tech,820468147,8,2/5/2009,13,1,3,1,2
298,Grey,6-454-863-2582,13535132672,Maya_Grey7534@acrit.org,118075412,8,5/1/2020,2,0,3,2,1
299,Stuart,7-307-538-4372,13955392440,Chuck_Stuart6971@typill.biz,52247671,4,8/15/1960,62,3,1,2,3
300,Hall,7-705-281-6357,13128520887,Elijah_Hall2753@zorer.org,125406812,6,10/27/1990,32,0,2,1,3
301,Pierce,3-517-837-3067,13739217278,Eden_Pierce4068@twipet.com,701083124,5,5/1/2001,21,0,2,1,3
302,Lane,5-353-878-6010,13573222019,Lorraine_Lane7014@grannar.com,556187077,2,6/26/1965,57,2,3,2,1
303,Barclay,2-775-613-5027,13126532759,Enoch_Barclay6271@tonsy.org,133223225,6,8/29/1961,61,3,3,2,1
304,Leigh,3-030-047-3547,13924402168,Henry_Leigh408@tonsy.org,673847326,4,3/28/1986,36,3,2,1,3
305,Howard,8-737-251-2522,13163811950,Oliver_Howard9713@gompie.com,503250207,8,9/29/2001,21,0,2,1,3
306,Roscoe,1-078-641-2682,13199810516,Sarah_Roscoe8860@dionrab.com,177263132,1,8/24/2020,2,0,1,2,3
307,Walsh,0-524-678-4572,13579272597,Georgia_Walsh5447@joiniaa.com,740440338,4,9/13/2006,16,0,1,2,3
308,Rixon,7-643-331-6850,15115460737,Jayden_Rixon379@muall.tech,161224302,1,4/9/2004,18,3,1,2,3
309,Wright,2-434-747-6513,13932877613,Lucas_Wright6684@mafthy.com,458544424,5,5/11/1980,42,2,2,1,3
310,Malone,3-854-207-3630,13137150379,Peyton_Malone441@cispeto.com,560356578,8,5/27/2014,8,1,1,2,3
311,Rycroft,8-155-281-3803,15185646141,Stacy_Rycroft1717@yahoo.com,77878267,3,12/26/1969,53,3,3,2,1
312,James,4-400-657-5134,13586679260,Grace_James6326@womeona.net,378456332,2,1/29/2014,8,2,3,1,2
313,Reyes,6-733-578-7811,13174210502,Victoria_Reyes6866@bauros.biz,63631800,2,1/11/1973,49,0,3,1,2
314,Walter,4-760-751-7824,13973308336,Domenic_Walter4978@guentu.biz,462278861,6,1/23/1979,43,2,3,2,1
315,Ashwell,4-583-878-7241,13160456906,Carl_Ashwell2099@dionrab.com,200432835,6,1/19/1952,70,2,2,1,3
316,Malone,0-774-652-2385,13917696329,Barry_Malone7850@twace.org,275847661,8,12/8/1985,37,1,3,1,2
317,Jackson,8-458-866-3662,13923394436,Joseph_Jackson767@joiniaa.com,454284630,1,8/7/1984,38,0,1,2,3
318,Crawley,5-654-331-1363,15171022590,Violet_Crawley1929@twipet.com,546031732,5,8/18/2000,22,3,1,2,3
319,Antcliff,0-684-702-1428,13712080308,Courtney_Antcliff7049@twipet.com,837384247,1,10/6/2012,10,2,2,1,3
320,Wills,2-534-062-7748,15146147913,Courtney_Wills1870@joiniaa.com,808730264,1,10/10/1997,25,2,2,1,3
321,Mccormick,2-334-835-8534,13510916509,Grace_Mccormick1028@qater.org,724203203,5,8/16/2008,14,0,2,1,3
322,Stark,3-371-276-1078,13796114222,Johnny_Stark5760@womeona.net,78757655,8,1/6/1992,30,1,3,1,2
323,Mcgee,6-822-876-7230,13110784699,Daron_Mcgee2227@ovock.tech,232020255,5,11/24/1997,25,0,1,2,3
324,Gordon,0-375-625-4637,13182320089,Molly_Gordon1647@vetan.org,121454300,3,8/1/1985,37,1,3,1,2
325,Utterson,3-536-611-7537,15169589793,Denny_Utterson7353@muall.tech,267626077,3,12/4/1974,48,1,2,1,3
326,Stanton,8-311-300-5247,15185049116,Hazel_Stanton8516@muall.tech,300183083,5,7/19/2009,13,1,3,2,1
327,Daniells,6-282-037-4327,13937200012,Hayden_Daniells1675@twipet.com,310268427,6,1/19/1995,27,1,3,1,2
328,Bell,7-565-222-8823,15156107560,Nathan_Bell7440@naiker.biz,287412124,6,5/13/2003,19,1,2,1,3
329,Seymour,3-834-133-1581,13166948441,Rosie_Seymour4887@fuliss.net,346085761,1,4/26/1984,38,0,2,1,3
330,Niles,0-558-416-4184,13940162625,Carissa_Niles8970@nanoff.biz,437380605,8,11/30/1953,69,3,3,2,1
331,Ryan,1-357-870-0481,13566565183,Liliana_Ryan1480@fuliss.net,876230675,6,6/22/1976,46,0,1,2,3
332,Burge,5-850-768-8577,13983638214,Monica_Burge4839@fuliss.net,855821876,4,8/15/1991,31,3,1,2,3
333,Todd,4-715-237-4020,13913378060,Alice_Todd896@twipet.com,821667713,6,11/30/1978,44,3,3,1,2
334,Steer,1-234-881-4347,15121978423,Blake_Steer9874@qater.org,336458453,5,10/27/1962,60,2,3,2,1
335,Notman,1-102-581-5685,13937106103,Sabina_Notman7811@nickia.com,48585673,7,9/29/2013,9,1,1,2,3
336,Thorpe,1-433-315-5780,13985138498,Fred_Thorpe512@kideod.biz,208654162,1,7/25/1996,26,1,1,2,3
337,Mcgee,1-046-178-7270,13131016155,Jayden_Mcgee4712@gmail.com,527175410,5,1/1/1957,65,3,3,2,1
338,Hopkinson,1-077-112-5725,15144644983,Renee_Hopkinson7076@acrit.org,285687341,8,2/21/1991,31,1,2,1,3
339,Olivier,8-170-742-4456,13997588921,Stacy_Olivier5964@naiker.biz,271204048,5,7/6/2014,8,0,1,2,3
340,Niles,6-172-172-7134,13164966108,Dani_Niles5933@dionrab.com,371768102,6,4/15/1952,70,0,3,2,1
341,Shields,2-858-651-3521,15139334725,Mona_Shields7688@ubusive.com,628873116,4,10/16/2019,3,1,3,1,2
342,Farrant,8-451-234-7885,15180022409,Daron_Farrant6493@muall.tech,346852488,2,7/10/2009,13,3,1,2,3
343,Murray,6-078-834-3540,13158101866,Henry_Murray5819@zorer.org,864831747,6,6/13/2002,20,3,2,1,3
344,Wood,4-826-206-7425,15115795427,Sasha_Wood6282@tonsy.org,420705382,2,2/3/2014,8,0,3,2,1
345,Oakley,3-633-633-1006,15146210933,Percy_Oakley1726@twace.org,856777784,5,4/26/1975,47,3,2,1,3
346,Pitt,4-368-411-1428,13753306322,Rihanna_Pitt9793@infotech44.tech,460704132,8,5/5/1969,53,2,2,1,3
347,Swift,7-138-852-4628,13770721101,Benny_Swift9072@supunk.biz,432424856,6,7/6/1984,38,3,1,2,3
348,Middleton,5-258-425-3251,13113500013,Jayden_Middleton1279@tonsy.org,286044128,6,8/18/1953,69,3,2,1,3
349,Bennett,2-258-410-2412,13573784168,Emmanuelle_Bennett2042@zorer.org,734130721,2,6/5/2012,10,0,3,1,2
350,Wright,6-841-764-6335,15127424351,Nathan_Wright2829@iatim.tech,253534618,5,7/22/1962,60,1,1,2,3
351,Dubois,7-503-346-2053,13787426135,Johnny_Dubois5570@nanoff.biz,458176732,8,4/21/2009,13,1,3,1,2
352,Penn,8-046-058-7446,13567240171,Angelica_Penn7042@typill.biz,344722473,3,3/13/2012,10,2,2,1,3
353,Whittle,7-103-663-0482,13592086613,Sydney_Whittle7075@tonsy.org,877241288,5,11/12/1985,37,0,1,2,3
354,James,8-641-523-5025,13953572275,Rylee_James1864@iatim.tech,804271117,6,8/16/2003,19,3,1,2,3
355,Bullock,2-143-002-8811,13792305871,Lindsay_Bullock5629@iatim.tech,648484804,1,3/24/1954,68,3,3,1,2
356,Bennett,0-217-254-4346,13560711085,Ronald_Bennett452@extex.org,432041778,1,2/11/1963,59,3,3,1,2
357,Allwood,6-083-015-2156,13119656292,Leah_Allwood4678@cispeto.com,866225170,6,8/26/1986,36,0,1,2,3
358,Armstrong,7-853-674-4813,13776426408,Denny_Armstrong6747@bulaffy.com,634870450,7,6/17/2002,20,2,3,1,2
359,Cartwright,7-305-854-1344,13725852450,Celia_Cartwright804@bulaffy.com,58001286,1,4/13/1966,56,2,1,2,3
360,Matthews,2-427-442-1166,13736742947,Ellen_Matthews3742@atink.com,164212867,1,12/24/2015,7,1,2,1,3
361,Williams,6-305-762-4175,13592685282,Russel_Williams5356@atink.com,287386612,6,11/1/2017,5,1,3,2,1
362,Harrington,7-006-782-3838,13724305289,Camden_Harrington7699@gmail.com,406600681,2,1/18/1976,46,1,1,2,3
363,Hood,7-062-112-8130,13722624404,Julian_Hood6141@atink.com,632020844,2,12/20/1965,57,1,1,2,3
364,Walker,5-238-716-2566,13141098722,William_Walker9282@muall.tech,622864544,1,3/29/1952,70,1,2,1,3
365,Preston,8-318-243-4260,13125904988,Julius_Preston1703@eirey.tech,486153705,1,7/26/1998,24,1,2,1,3
366,Redwood,3-655-433-8785,13187409089,Katelyn_Redwood8016@vetan.org,641211547,2,3/29/1995,27,1,1,2,3
367,Benson,5-872-230-0801,13593117371,Adela_Benson7849@famism.biz,184566248,8,2/8/1959,63,0,3,1,2
368,Simpson,3-631-651-4210,13915951003,Sebastian_Simpson2564@deavo.com,820554165,6,3/19/1981,41,3,2,1,3
369,Wellington,2-031-277-0662,13120500912,Kieth_Wellington2234@iatim.tech,143743301,6,10/10/1958,64,2,2,1,3
370,Oliver,4-644-100-1462,15145414168,Benjamin_Oliver6647@extex.org,713240758,2,1/1/1985,37,3,2,1,3
371,Bright,0-848-018-7566,13184134306,Matt_Bright5128@twace.org,400628163,4,1/5/1971,51,1,1,2,3
372,Steer,1-036-734-6254,13779000339,Phillip_Steer8291@famism.biz,771577062,7,6/28/1993,29,2,1,2,3
373,Rowe,4-005-777-7077,13756759015,Doug_Rowe7515@gembat.biz,156684313,8,8/31/1958,64,3,3,1,2
374,Boden,3-107-000-6314,15175240856,Erick_Boden6941@cispeto.com,600877567,8,8/27/2010,12,3,2,1,3
375,Collins,5-458-877-5776,13955442551,Javier_Collins2002@bauros.biz,306846707,2,5/11/1963,59,1,3,2,1
376,Nurton,0-348-060-0071,13713195856,Abdul_Nurton6239@womeona.net,122826582,6,7/9/1976,46,3,3,2,1
377,Eddison,3-251-063-8282,13750460280,Jasmine_Eddison3163@gembat.biz,818546552,7,12/4/1961,61,0,3,2,1
378,Page,2-243-526-0682,13578659612,Denny_Page5259@bungar.biz,473460554,7,10/11/1983,39,0,1,2,3
379,Wooldridge,1-215-147-7506,13974911129,Isabella_Wooldridge7640@hourpy.biz,738261783,3,5/15/2003,19,3,2,1,3
380,Exton,2-134-526-6210,13194015087,Carter_Exton7578@typill.biz,133117331,8,11/19/1995,27,2,2,1,3
381,Robinson,3-301-050-6076,13929923631,Julian_Robinson6863@mafthy.com,277580625,2,7/4/1965,57,0,1,2,3
382,Ainsworth,1-317-070-8000,15141760353,Leslie_Ainsworth3846@yahoo.com,484333272,6,5/31/1998,24,2,3,1,2
383,Knight,3-586-740-1015,13519929230,Mark_Knight1048@hourpy.biz,746044774,8,7/13/2014,8,0,1,2,3
384,Mason,8-507-184-0503,13190168650,Harriet_Mason5858@qater.org,487550586,8,9/11/1961,61,2,2,1,3
385,Thomas,6-577-018-4701,15160345550,Sonya_Thomas8072@vetan.org,380777603,4,1/6/1963,59,2,1,2,3
386,Osman,4-657-007-8757,13179145681,Rose_Osman9947@gembat.biz,816716800,4,12/7/1961,61,2,2,1,3
387,Hall,8-483-777-3571,13168665485,Tiffany_Hall8716@famism.biz,667623456,1,5/31/1968,54,2,1,2,3
388,Harvey,8-137-554-8307,13798944569,Judith_Harvey5558@muall.tech,680658737,4,6/22/1993,29,0,3,2,1
389,Gordon,3-080-768-4001,13120531040,Sebastian_Gordon468@nimogy.biz,131771783,4,3/21/1998,24,1,3,1,2
390,Weston,6-157-053-3228,13514516153,Jasmine_Weston136@bungar.biz,46834776,5,11/23/2012,10,1,2,1,3
391,Noach,3-658-532-6041,13113547967,Aiden_Noach6729@infotech44.tech,20245617,4,8/30/1996,26,1,3,1,2
392,Hooper,7-201-270-6050,15143420637,Hank_Hooper6954@naiker.biz,463736057,7,1/30/1980,42,1,3,2,1
393,Rainford,5-303-878-5823,13712856768,Lillian_Rainford4267@hourpy.biz,47006822,5,4/3/1995,27,1,3,2,1
394,Harrison,7-802-175-0754,13981661207,Anais_Harrison2453@qater.org,822622473,2,9/2/1973,49,2,2,1,3
395,Middleton,7-146-308-1088,13570404935,Celia_Middleton5154@tonsy.org,530638273,7,12/30/2017,5,2,2,1,3
396,Swift,1-243-062-3721,15117015331,Ruth_Swift679@corti.com,564820888,5,4/23/2003,19,3,1,2,3
397,Gordon,2-666-034-6566,13734748739,Renee_Gordon9963@muall.tech,72307574,7,9/7/1988,34,2,1,2,3
398,Pond,5-710-386-8428,13145105939,Alan_Pond8666@typill.biz,42021615,8,12/12/1960,62,1,1,2,3
399,Ballard,5-187-015-5213,15195050764,Mina_Ballard7620@bauros.biz,317322502,1,5/23/1977,45,0,1,2,3
400,Robe,3-675-247-6447,15122611988,Ronald_Robe7511@supunk.biz,518612407,2,4/1/2007,15,0,2,1,3
401,Savage,0-074-024-4327,13746145317,William_Savage6866@twipet.com,57128310,4,8/3/1981,41,2,1,2,3
402,Edler,2-174-108-8048,13514493922,Mason_Edler7901@qater.org,334812703,8,11/23/1980,42,1,3,2,1
403,Spencer,2-810-618-4582,13182919892,Sasha_Spencer6225@ovock.tech,358151302,1,2/24/1982,40,1,2,1,3
404,Mcgregor,8-306-210-1354,13513546938,Owen_Mcgregor7321@bauros.biz,130788237,3,12/4/1963,59,2,2,1,3
405,Steer,6-631-354-8667,13915310664,Janelle_Steer39@bauros.biz,326830113,5,1/23/1956,66,3,3,2,1
406,Parker,3-141-605-2214,13983987914,Juliet_Parker5325@nanoff.biz,770678458,4,6/8/1990,32,2,1,2,3
407,Noon,5-583-643-5540,13746039557,Denny_Noon4416@grannar.com,481030607,8,9/6/1994,28,2,1,2,3
408,Holmes,2-683-857-4024,13113423977,Eve_Holmes8917@grannar.com,100053058,7,12/22/2002,20,1,1,2,3
409,Matthews,7-844-745-1120,13948748089,Barry_Matthews8288@bulaffy.com,143383372,1,9/13/1989,33,3,2,1,3
410,Jarrett,6-531-633-6055,15178226019,Skylar_Jarrett9727@muall.tech,871536708,1,6/24/1961,61,0,2,1,3
411,Collins,7-347-183-8480,13144586290,Benjamin_Collins1947@fuliss.net,871765730,6,1/12/1996,26,1,3,2,1
412,Kaur,8-463-011-0720,13544740879,Tyson_Kaur2499@infotech44.tech,665454517,2,10/14/1962,60,1,3,2,1
413,Garner,4-223-113-5084,13941136848,Maria_Garner227@twipet.com,757111046,7,12/9/1961,61,0,1,2,3
414,Jenkins,2-150-572-6404,13726610621,Brad_Jenkins9762@cispeto.com,552378137,5,6/13/2010,12,1,1,2,3
415,Ross,0-745-366-5838,15185623297,Rachael_Ross370@womeona.net,224257573,3,8/23/2018,4,3,1,2,3
416,Gordon,7-834-341-8146,13556779199,Aleksandra_Gordon7808@bretoux.com,462047518,1,8/1/1968,54,3,1,2,3
417,Lyon,3-208-138-2264,15151626272,Brad_Lyon2513@elnee.tech,172663086,6,10/4/1979,43,1,2,1,3
418,Wills,6-360-402-6407,13784886163,Victoria_Wills9538@gompie.com,836150425,5,8/28/1977,45,1,2,1,3
419,Davies,7-018-486-5080,13520929965,Ramon_Davies6411@nimogy.biz,765117728,2,8/29/2004,18,1,3,2,1
420,Bell,0-157-345-3070,13776516590,Callie_Bell2079@tonsy.org,73234351,3,9/14/1953,69,2,3,1,2
421,Carter,1-383-253-6402,13944407444,Barney_Carter4425@iatim.tech,681462442,4,7/21/1988,34,3,3,1,2
422,Russell,6-268-451-6032,13152297871,Mabel_Russell433@guentu.biz,171828140,3,9/19/1959,63,0,3,1,2
423,Newton,8-787-658-1147,13779016994,Sebastian_Newton5041@ubusive.com,707224128,6,11/18/1990,32,1,3,1,2
424,Whinter,3-718-766-2236,13988646981,Leilani_Whinter138@deons.tech,310481806,5,3/27/1950,72,3,3,2,1
425,Varndell,3-734-202-7005,15141764126,John_Varndell7035@sheye.org,505884137,6,3/17/2018,4,3,1,2,3
426,Purvis,0-147-104-3750,13743459629,Amelia_Purvis856@extex.org,828011286,2,10/1/1992,30,3,2,1,3
427,Paterson,8-077-381-8067,13560899785,Carter_Paterson4257@grannar.com,422145838,1,5/8/1965,57,2,1,2,3
428,Curtis,6-273-184-6013,13594720163,Leroy_Curtis7173@deons.tech,526643782,5,3/24/1964,58,1,3,1,2
429,Gray,2-183-648-7255,15118872993,Mason_Gray7234@ubusive.com,167335378,7,9/9/1987,35,1,1,2,3
430,Sawyer,6-663-777-5433,13599003527,Lindsay_Sawyer9780@bulaffy.com,357774565,4,10/19/1999,23,1,1,2,3
431,Thomas,6-247-173-1660,13919051825,Mina_Thomas827@brety.org,474873023,7,9/4/1963,59,2,3,1,2
432,Wood,6-024-716-5372,15178881014,Christine_Wood6322@brety.org,156432385,8,12/9/1985,37,2,1,2,3
433,Brown,2-825-328-7482,13919765888,Doug_Brown7163@kideod.biz,583635433,3,12/9/2008,14,1,1,2,3
434,Weldon,2-064-628-2184,13166275147,Abbey_Weldon4677@guentu.biz,643782488,8,6/20/2004,18,3,2,1,3
435,Brooks,1-740-423-3384,13581002724,Mike_Brooks4806@nickia.com,24241832,4,4/29/1984,38,1,2,1,3
436,Morrison,8-077-130-2802,13526715965,Bart_Morrison8389@fuliss.net,665860256,3,3/29/2021,1,2,2,1,3
437,Gilbert,0-116-163-1673,13137116698,Denis_Gilbert4425@nimogy.biz,445041827,2,1/15/2017,5,0,2,1,3
438,Patel,2-756-523-5556,13990991173,Wendy_Patel8310@jiman.org,381302860,3,7/28/1967,55,2,1,2,3
439,Lloyd,2-353-704-1182,13515210534,Lucas_Lloyd151@gompie.com,368604012,2,9/13/1978,44,0,2,1,3
440,Carter,8-704-503-8121,15162393077,Isla_Carter6476@vetan.org,42351127,4,12/15/2011,11,1,3,1,2
441,Cattell,3-130-037-1678,13981825814,Megan_Cattell1933@grannar.com,512727221,3,7/19/2007,15,1,2,1,3
442,Hall,8-447-475-7723,13926931933,Olivia_Hall5574@naiker.biz,376611751,8,2/13/1981,41,3,2,1,3
443,Whatson,2-885-260-4452,15192692250,Michael_Whatson4276@ubusive.com,824842041,8,10/5/1956,66,2,2,1,3
444,Becker,2-765-022-1001,13123399201,Erin_Becker6491@nanoff.biz,662065568,4,9/6/2012,10,2,1,2,3
445,Sherwood,1-772-228-8786,13178132752,Mason_Sherwood4123@brety.org,380867353,2,3/20/1998,24,0,3,1,2
446,Cowan,1-204-633-1713,15165334783,Ronald_Cowan5886@deons.tech,870171180,1,7/22/2014,8,2,1,2,3
447,Wills,0-301-280-2371,13799466194,Mason_Wills4783@guentu.biz,118430043,6,12/24/2006,16,2,1,2,3
448,Parker,8-158-261-6602,15143837907,Rae_Parker1126@famism.biz,226761418,3,7/10/2013,9,2,2,1,3
449,Shaw,3-154-715-4042,13561192747,Angela_Shaw8374@nickia.com,475674738,6,5/13/2011,11,1,1,2,3
450,Howard,2-718-507-5752,13939575360,Roger_Howard2920@gembat.biz,285271503,8,2/13/1952,70,0,1,2,3
451,Saunders,5-771-271-4014,13939069020,Cristal_Saunders9849@deavo.com,346570684,6,6/28/1951,71,0,1,2,3
452,Alexander,8-588-616-5763,13790460642,Vera_Alexander7984@atink.com,218568435,7,8/14/1989,33,1,3,2,1
453,Graves,6-150-370-6656,15151408426,Daniel_Graves6440@nickia.com,850227756,4,7/18/1976,46,3,3,2,1
454,Thomas,0-454-142-7733,13149631794,Lindsay_Thomas4548@brety.org,702283240,1,3/26/2018,4,2,1,2,3
455,Khan,5-036-771-8076,13742128093,Payton_Khan5151@extex.org,570832652,5,4/22/2011,11,3,3,1,2
456,Niles,4-047-462-2842,13143100664,Katelyn_Niles175@liret.org,641570600,7,4/25/1991,31,2,3,1,2
457,Spencer,6-606-200-4378,15191487830,Logan_Spencer997@mafthy.com,640376866,1,8/12/1978,44,0,2,1,3
458,Leslie,3-562-480-5155,13589066192,Tony_Leslie6166@irrepsy.com,743058272,7,7/22/1986,36,3,3,1,2
459,Tindall,5-054-344-7742,13712561682,Julius_Tindall3775@nanoff.biz,634310703,6,12/6/2005,17,2,3,2,1
460,Dixon,5-555-762-2483,15159646937,Kurt_Dixon6909@deavo.com,877202122,2,6/3/1959,63,2,1,2,3
461,Victor,7-203-155-3143,13547771464,Cadence_Victor5473@joiniaa.com,800612876,6,5/17/1997,25,0,2,1,3
462,Wild,8-161-255-6031,15154719799,Isabel_Wild9608@sveldo.biz,275740732,2,9/26/1952,70,2,2,1,3
463,Dyson,5-530-622-4687,13518120925,Barney_Dyson5416@zorer.org,624014458,4,2/4/1958,64,2,3,1,2
464,Holmes,4-661-332-2825,13161929019,Jayden_Holmes1980@yahoo.com,356346784,3,1/16/1980,42,3,2,1,3
465,Reyes,5-357-282-4428,13545272503,Lucy_Reyes171@irrepsy.com,362487062,4,8/5/1960,62,0,3,1,2
466,Mitchell,6-420-640-4511,15164166085,Alexander_Mitchell7724@muall.tech,163270786,5,6/25/1964,58,3,1,2,3
467,Adler,4-651-472-8642,13913809347,Maxwell_Adler3117@twipet.com,626346217,8,11/14/1951,71,2,3,2,1
468,Mccormick,0-044-788-8660,13556253487,Ryan_Mccormick8016@naiker.biz,856870688,4,9/29/1959,63,1,2,1,3
469,Terry,1-642-351-8104,13790943623,Paige_Terry7801@deavo.com,408547118,8,11/15/2016,6,3,1,2,3
470,Dillon,3-713-753-5670,13713679253,Nick_Dillon6752@elnee.tech,348025577,8,12/18/1956,66,1,3,2,1
471,Terry,0-718-100-7132,13566267153,Ema_Terry4882@bretoux.com,8023101,2,5/20/1984,38,1,2,1,3
472,Norris,3-543-725-6027,13787493980,Eduardo_Norris5329@fuliss.net,63683363,8,1/21/1962,60,3,1,2,3
473,Grant,0-662-627-6465,13994906454,Josh_Grant1226@fuliss.net,42367578,1,1/6/1959,63,3,1,2,3
474,Denton,7-830-742-4721,13773550565,Liliana_Denton1201@guentu.biz,676640888,4,2/6/1997,25,1,1,2,3
475,Flanders,5-175-517-8832,13527977289,Domenic_Flanders8914@famism.biz,854362662,2,7/19/1996,26,0,2,1,3
476,Terry,1-807-180-3531,13199193092,Elise_Terry5447@bulaffy.com,41433641,3,5/2/1977,45,3,1,2,3
477,Shaw,4-113-437-4180,15161898400,Cedrick_Shaw5844@famism.biz,585333765,1,1/23/1968,54,2,3,1,2
478,Adams,3-316-062-3815,15151227972,Domenic_Adams1845@corti.com,475213517,1,6/29/2020,2,0,2,1,3
479,Huggins,7-315-118-5111,13761940835,Eileen_Huggins7178@bretoux.com,454231103,1,4/17/1979,43,2,3,1,2
480,Rixon,5-314-538-7774,13946281604,Chester_Rixon7083@joiniaa.com,722318522,6,3/24/2021,1,3,3,2,1
481,Russell,4-370-832-8147,15132136105,Kirsten_Russell3344@acrit.org,140430425,5,8/1/1955,67,3,3,2,1
482,Upton,3-478-722-1730,13768267690,Chadwick_Upton3595@yahoo.com,145322286,7,6/15/1989,33,2,1,2,3
483,Tanner,2-675-140-0881,13764129901,Ramon_Tanner6729@ubusive.com,42238577,5,5/21/2016,6,2,1,2,3
484,Gardner,7-312-208-3100,13732504194,Caydence_Gardner5498@nanoff.biz,570858084,6,8/4/2020,2,1,2,1,3
485,Phillips,8-170-213-7411,13979478015,Goldie_Phillips1163@qater.org,428868815,7,11/4/2007,15,3,1,2,3
486,Becker,5-712-654-7312,15188702519,Isabel_Becker3595@nickia.com,603828330,8,6/9/1990,32,0,3,1,2
487,Hepburn,3-830-246-4581,13170140544,Gladys_Hepburn941@mafthy.com,360674717,7,11/26/1953,69,3,2,1,3
488,Holmes,3-376-700-3101,13155172251,Clint_Holmes4049@bretoux.com,878820355,8,5/14/1999,23,2,3,2,1
489,Wilkinson,6-846-635-7538,15178141082,Denis_Wilkinson3984@gompie.com,870057580,6,2/17/1973,49,2,3,1,2
490,Overson,3-517-455-6671,15131235920,Tyler_Overson633@typill.biz,205771476,1,6/21/1952,70,3,2,1,3
491,Anderson,0-762-687-1521,15127965779,Peter_Anderson6183@twipet.com,813620754,6,4/21/2017,5,2,1,2,3
492,Sylvester,7-322-716-7213,15173077665,Kieth_Sylvester9460@mafthy.com,412167760,3,8/26/2009,13,2,2,1,3
493,Harris,2-176-784-5550,13173694224,Erica_Harris3195@kideod.biz,254040774,6,10/24/2011,11,2,1,2,3
494,Lewin,5-383-306-7417,13946275074,Sabrina_Lewin1183@extex.org,128286532,8,6/21/1985,37,1,1,2,3
495,Flett,8-056-405-0553,13915735938,Luke_Flett5338@hourpy.biz,860760504,7,6/20/2007,15,2,2,1,3
496,Hunter,8-023-032-0268,13534245295,Julius_Hunter2005@twace.org,834523658,2,2/19/2005,17,3,1,2,3
497,Chapman,8-701-451-7684,13982607367,Maria_Chapman6283@infotech44.tech,578326550,8,1/14/1991,31,2,3,1,2
498,Holmes,4-535-332-2064,13120790861,Amelia_Holmes9869@naiker.biz,116704104,7,9/3/1968,54,1,1,2,3
499,Rycroft,7-675-382-0607,13533227860,Clint_Rycroft1813@joiniaa.com,130446207,2,4/12/1983,39,3,1,2,3
500,Whittle,2-022-807-3740,13121380368,Carl_Whittle4459@twace.org,523840358,6,10/31/1990,32,3,2,1,3
